Płeć;Wykształcenie;Wiek;Staż pracy;Płaca brutto
Kobieta;Podstawowe;42;;420
Kobieta;Wyższe;34;2;1268,3
Kobieta;Średnie zawodowe;;17;862
Kobieta;Zasadnicze;44;25;662,09
Kobieta;Średnie zawodowe;38;5;542,7
Kobieta;Wyższe;45;;816
Kobieta;Średnie zawodowe;48;3;883
Kobieta;Wyższe;44;11;1288
Kobieta;Średnie zawodowe;23;0;301,58
Kobieta;Podstawowe;46;;380
Kobieta;Zasadnicze;43;;480
Kobieta;Średnie zawodowe;23;3;490
Kobieta;Wyższe;28;3;492,5
Kobieta;Średnie zawodowe;38;1;560
Kobieta;Wyższe;34;12;1208,96
Kobieta;Średnie zawodowe;21;0;390
Kobieta;Średnie ogólne;;19;300
Kobieta;Średnie zawodowe;48;1;380
Kobieta;Średnie zawodowe;39;2;400
Kobieta;Średnie zawodowe;22;3;445
Kobieta;Wyższe;26;2;569,62
Kobieta;Średnie zawodowe;24;5;590
Kobieta;Średnie zawodowe;24;5;795
Kobieta;Wyższe;30;5;1224
Kobieta;Wyższe;32;3;890
Kobieta;Wyższe;46;11;1368
Kobieta;Wyższe;44;11;988,4
Kobieta;Średnie ogólne;44;3;520
Kobieta;Średnie zawodowe;26;7;535
Kobieta;Średnie zawodowe;44;25;553,36
Kobieta;Średnie zawodowe;27;5;583
Kobieta;Średnie zawodowe;40;5;1074
Kobieta;Średnie zawodowe;31;1;560
Kobieta;Wyższe;30;4;586,46
Kobieta;Wyższe;25;5;814,5
Kobieta;Średnie zawodowe;28;2;620
Kobieta;Średnie zawodowe;25;6;654
Kobieta;Średnie zawodowe;54;3;827
Kobieta;Wyższe;45;2;894
Kobieta;Średnie zawodowe;44;6;938
Kobieta;Wyższe;43;13;860
Kobieta;Wyższe;39;6;839,6
Kobieta;Średnie ogólne;39;2;830
Kobieta;Średnie ogólne;49;10;858,3
Kobieta;Średnie zawodowe;40;3;1000
Kobieta;Wyższe;47;10;896
Kobieta;Średnie zawodowe;56;8;1360
Kobieta;Wyższe;51;4;908
Kobieta;Zasadnicze;41;22;544
Kobieta;Średnie zawodowe;52;14;1219,5
Kobieta;Średnie zawodowe;36;6;766,4
Kobieta;Wyższe;41;5;1576,2
Kobieta;Średnie ogólne;53;6;1007
Kobieta;Średnie ogólne;53;3;1089,2
Kobieta;Wyższe;41;1;1384
Kobieta;Wyższe;52;5;1526
Kobieta;Zasadnicze;35;1;441
Kobieta;Podstawowe;47;23;490
Kobieta;Podstawowe;44;3;560
Kobieta;Zasadnicze;36;1;469
Kobieta;Zasadnicze;38;1;560
Kobieta;Średnie zawodowe;29;13;441
Kobieta;Zasadnicze;42;9;416
Kobieta;Podstawowe;39;;520
Kobieta;Zasadnicze;45;19;420
Kobieta;Zasadnicze;32;13;441
Kobieta;Średnie zawodowe;40;11;620
Kobieta;Podstawowe;40;3;518
Kobieta;Średnie zawodowe;34;4;489,1
Kobieta;Podstawowe;31;7;579,1
Kobieta;Zasadnicze;35;5;375,76
Kobieta;Zasadnicze;53;32;648
Kobieta;Średnie ogólne;22;4;790
Kobieta;Zasadnicze;26;8;230
Kobieta;Podstawowe;37;18;420
Kobieta;Podstawowe;33;12;420
Kobieta;Podstawowe;45;27;420
Kobieta;Średnie zawodowe;37;17;398
Kobieta;Średnie zawodowe;35;8;416,9
Kobieta;Średnie zawodowe;48;28;436
Kobieta;Podstawowe;49;27;320
Kobieta;Zasadnicze;46;20;350
Kobieta;Średnie zawodowe;34;14;439
Kobieta;Zasadnicze;48;34;480
Kobieta;Średnie ogólne;41;4;495
Kobieta;Średnie zawodowe;43;2;511
Kobieta;Średnie zawodowe;41;24;598,6
Kobieta;Wyższe;42;16;936
Kobieta;Podstawowe;39;1;300
Kobieta;Średnie ogólne;30;1;350
Kobieta;Średnie zawodowe;23;5;320
Kobieta;Podstawowe;39;1;366
Kobieta;Średnie zawodowe;41;1;414
Kobieta;Podstawowe;52;20;372
Kobieta;Zasadnicze;48;1;473,88
Kobieta;Średnie zawodowe;31;10;475,92
Kobieta;Podstawowe;53;25;287,71
Kobieta;Podstawowe;54;14;442,76
Kobieta;Podstawowe;51;5;346,84
Kobieta;Średnie zawodowe;46;27;654,9
Kobieta;Średnie zawodowe;40;20;428,4
Kobieta;Średnie zawodowe;46;27;428,4
Kobieta;Średnie zawodowe;54;;497,18
Kobieta;Średnie ogólne;60;7;620
Kobieta;Średnie ogólne;52;19;417
Kobieta;Średnie zawodowe;32;13;485,74
Kobieta;Średnie zawodowe;49;29;457,8
Kobieta;Zasadnicze;48;23;380
Kobieta;Średnie zawodowe;34;3;439,35
Kobieta;Średnie zawodowe;41;21;650
Kobieta;Średnie zawodowe;44;24;713
Kobieta;Średnie zawodowe;33;14;298,32
Kobieta;Średnie zawodowe;31;7;494,14
Kobieta;Średnie zawodowe;48;30;574
Kobieta;Średnie ogólne;49;16;667,56
Kobieta;Średnie zawodowe;36;2;382,67
Kobieta;Średnie zawodowe;47;26;528,51
Kobieta;Zasadnicze;44;24;552,58
Kobieta;Średnie zawodowe;49;32;623
Kobieta;Podstawowe;50;2;456,7
Kobieta;Średnie zawodowe;36;1;312
Kobieta;Średnie zawodowe;31;10;383
Kobieta;Średnie zawodowe;35;15;500
Kobieta;Średnie ogólne;47;1;610,13
Kobieta;Średnie ogólne;41;24;482,4
Kobieta;Średnie zawodowe;40;3;530,32
Kobieta;Średnie zawodowe;42;15;545,45
Kobieta;Średnie zawodowe;50;6;568,6
Kobieta;Średnie zawodowe;47;6;569
Kobieta;Średnie zawodowe;50;12;600
Kobieta;Średnie zawodowe;47;26;634,8
Kobieta;Średnie ogólne;47;29;640
Kobieta;Średnie zawodowe;45;6;630
Kobieta;Średnie zawodowe;26;1;480
Kobieta;Średnie zawodowe;36;19;331
Kobieta;Średnie zawodowe;45;8;672
Kobieta;Średnie zawodowe;47;29;718,9
Kobieta;Średnie ogólne;50;24;750
Kobieta;Wyższe;46;26;894,45
Kobieta;Zasadnicze;30;11;337,3
Kobieta;Zasadnicze;35;6;569
Kobieta;Wyższe;32;11;464,31
Kobieta;Średnie ogólne;57;4;630
Kobieta;Zasadnicze;47;29;799,24
Kobieta;Średnie zawodowe;34;12;494,14
Kobieta;Średnie zawodowe;45;20;335
Kobieta;Średnie zawodowe;31;8;420,92
Kobieta;Zasadnicze;41;24;424,6
Kobieta;Zasadnicze;42;23;438,9
Kobieta;Średnie zawodowe;42;22;516,6
Kobieta;Średnie zawodowe;43;23;516,6
Kobieta;Średnie zawodowe;34;15;588,66
Kobieta;Średnie zawodowe;34;3;642,56
Kobieta;Średnie ogólne;48;24;658,34
Kobieta;Średnie zawodowe;48;29;716
Kobieta;Wyższe;50;30;870
Kobieta;Średnie zawodowe;32;13;447,56
Kobieta;Podstawowe;43;25;550
Kobieta;Średnie zawodowe;43;23;1650
Kobieta;Średnie ogólne;33;8;685,24
Kobieta;Wyższe;46;1;544,96
Kobieta;Wyższe;52;6;784
Kobieta;Zasadnicze;27;7;406
Kobieta;Podstawowe;47;25;491
Kobieta;Podstawowe;42;20;470
Kobieta;Podstawowe;48;19;670
Kobieta;Zasadnicze;50;32;720
Kobieta;Średnie zawodowe;44;25;733,6
Kobieta;Podstawowe;46;25;508,8
Kobieta;Średnie ogólne;46;28;758,6
Kobieta;Zasadnicze;38;14;440
Kobieta;Średnie zawodowe;48;15;510
Kobieta;Zasadnicze;40;23;690
Kobieta;Zasadnicze;43;11;733,6
Kobieta;Średnie zawodowe;39;5;841,8
Kobieta;Średnie zawodowe;31;13;446,4
Kobieta;Wyższe;44;5;1017,94
Kobieta;Średnie zawodowe;55;35;609
Kobieta;Średnie zawodowe;49;2;714,12
Kobieta;Podstawowe;41;20;451,2
Kobieta;Średnie zawodowe;27;2;438
Kobieta;Średnie zawodowe;25;2;446,4
Kobieta;Średnie zawodowe;29;1;503,6
Kobieta;Średnie zawodowe;39;1;562
Kobieta;Średnie ogólne;51;17;888
Kobieta;Średnie zawodowe;57;39;775,8
Kobieta;Średnie zawodowe;37;17;784,8
Kobieta;Średnie ogólne;54;12;800
Kobieta;Średnie zawodowe;48;3;826,4
Kobieta;Wyższe;35;6;495,6
Kobieta;Zasadnicze;44;23;782
Kobieta;Średnie zawodowe;41;6;888
Kobieta;Średnie zawodowe;43;24;944
Kobieta;Średnie zawodowe;49;4;890
Kobieta;Średnie zawodowe;37;17;687
Kobieta;Średnie zawodowe;29;5;627
Kobieta;Średnie zawodowe;46;23;669,2
Kobieta;Średnie zawodowe;42;8;882
Kobieta;Wyższe;25;2;484
Kobieta;Wyższe;39;19;685,44
Kobieta;Średnie zawodowe;26;5;365
Kobieta;Średnie zawodowe;26;7;518,83
Kobieta;Średnie ogólne;48;27;770,55
Kobieta;Średnie zawodowe;30;11;527,75
Kobieta;Wyższe;27;0;528
Kobieta;Wyższe;32;10;641,24
Kobieta;Średnie zawodowe;36;16;580,15
Kobieta;Średnie zawodowe;52;31;752,13
Kobieta;Średnie zawodowe;50;29;828,25
Kobieta;Średnie zawodowe;53;32;959,05
Kobieta;Zasadnicze;38;15;150
Kobieta;Średnie zawodowe;50;1;560
Kobieta;Średnie ogólne;49;;710,5
Kobieta;Średnie zawodowe;21;1;250
Kobieta;Średnie zawodowe;33;2;400
Kobieta;Zasadnicze;31;13;386,24
Kobieta;Wyższe;27;1;570
Kobieta;Zasadnicze;30;11;580,59
Kobieta;Wyższe;23;3;600
Kobieta;Zasadnicze;27;9;846
Kobieta;Średnie ogólne;27;4;547,2
Kobieta;Średnie zawodowe;21;1;400
Kobieta;Zasadnicze;24;6;444,6
Kobieta;Średnie zawodowe;35;6;467,6
Kobieta;Zasadnicze;50;29;969,29
Kobieta;Średnie zawodowe;32;6;540
Kobieta;Zasadnicze;50;24;586
Kobieta;Zasadnicze;20;2;260
Kobieta;Średnie zawodowe;29;7;300
Kobieta;Podstawowe;44;5;466,62
Kobieta;Średnie zawodowe;44;1;500
Kobieta;Średnie zawodowe;23;3;600
Kobieta;Wyższe;40;6;600
Kobieta;Średnie zawodowe;40;6;620
Kobieta;Średnie zawodowe;37;1;660
Kobieta;Wyższe;42;22;712
Kobieta;Średnie zawodowe;52;20;979,71
Kobieta;Średnie ogólne;21;1;380
Kobieta;Zasadnicze;24;6;200
Kobieta;Średnie zawodowe;23;4;462
Kobieta;Zasadnicze;46;27;524,88
Kobieta;Zasadnicze;33;14;550
Kobieta;Zasadnicze;47;29;680
Kobieta;Podstawowe;37;4;437
Kobieta;Średnie zawodowe;24;3;470
Kobieta;Średnie zawodowe;46;15;553,5
Kobieta;Średnie zawodowe;41;12;840,4
Kobieta;Średnie zawodowe;23;3;470
Kobieta;Średnie zawodowe;31;4;573,4
Kobieta;Średnie zawodowe;33;15;615,8
Kobieta;Średnie zawodowe;36;14;704
Kobieta;Zasadnicze;27;9;772,66
Kobieta;Średnie ogólne;49;5;818
Kobieta;Wyższe;38;19;937,19
Kobieta;Średnie zawodowe;36;16;718
Kobieta;Średnie zawodowe;38;16;726
Kobieta;Średnie zawodowe;40;19;870
Kobieta;Zasadnicze;33;6;200
Kobieta;Średnie zawodowe;39;17;647,72
Kobieta;Średnie zawodowe;45;25;664,5
Kobieta;Wyższe;37;3;773,5
Kobieta;Średnie zawodowe;42;2;840
Kobieta;Średnie zawodowe;54;14;970
Kobieta;Średnie ogólne;48;13;880
Kobieta;Wyższe;45;12;1145,55
Kobieta;Średnie zawodowe;23;2;491,8
Kobieta;Średnie zawodowe;22;2;492,5
Kobieta;Średnie zawodowe;39;12;676,8
Kobieta;Średnie ogólne;45;1;704
Kobieta;Wyższe;30;4;795
Kobieta;Zasadnicze;43;10;446,6
Kobieta;Średnie zawodowe;31;9;618,82
Kobieta;Średnie zawodowe;53;34;901,6
Kobieta;Średnie ogólne;40;20;406
Kobieta;Średnie zawodowe;36;15;499
Kobieta;Średnie zawodowe;49;28;893,45
Kobieta;Zasadnicze;43;5;517
Kobieta;Średnie ogólne;53;36;1029
Kobieta;Podstawowe;48;7;466
Kobieta;Podstawowe;43;10;507
Kobieta;Podstawowe;41;5;566
Kobieta;Wyższe;26;7;436,8
Kobieta;Średnie zawodowe;25;6;451
Kobieta;Średnie ogólne;24;4;460
Kobieta;Średnie zawodowe;29;7;496,62
Kobieta;Średnie ogólne;37;16;520
Kobieta;Średnie zawodowe;43;23;535
Kobieta;Średnie zawodowe;29;9;597,4
Kobieta;Średnie zawodowe;25;2;598,5
Kobieta;Średnie zawodowe;32;2;598,5
Kobieta;Średnie zawodowe;36;17;614,12
Kobieta;Średnie zawodowe;42;22;624,8
Kobieta;Średnie zawodowe;39;17;644,8
Kobieta;Średnie zawodowe;28;10;659,5
Kobieta;Średnie zawodowe;27;5;672,5
Kobieta;Średnie zawodowe;33;14;685,99
Kobieta;Średnie zawodowe;43;16;709,8
Kobieta;Średnie zawodowe;48;34;714
Kobieta;Średnie zawodowe;31;11;746,75
Kobieta;Średnie ogólne;42;23;748,8
Kobieta;Średnie zawodowe;38;17;770,6
Kobieta;Średnie ogólne;44;18;686,57
Kobieta;Średnie ogólne;42;17;444,3
Kobieta;Średnie zawodowe;23;4;490
Kobieta;Średnie zawodowe;41;4;505
Kobieta;Średnie zawodowe;24;0;536
Kobieta;Średnie zawodowe;23;1;381,6
Kobieta;Średnie zawodowe;22;2;450
Kobieta;Średnie zawodowe;25;1;385
Kobieta;Średnie zawodowe;22;2;390
Kobieta;Średnie ogólne;27;2;443,3
Kobieta;Wyższe;33;5;450
Kobieta;Zasadnicze;38;1;494,1
Kobieta;Średnie ogólne;25;5;514,8
Kobieta;Średnie zawodowe;28;6;453,6
Kobieta;Wyższe;26;1;400
Kobieta;Średnie zawodowe;22;2;408
Kobieta;Średnie ogólne;26;3;410
Kobieta;Średnie zawodowe;38;3;436,2
Kobieta;Średnie zawodowe;23;3;463,98
Kobieta;Średnie zawodowe;24;5;473
Kobieta;Średnie zawodowe;38;6;515,9
Kobieta;Wyższe;35;1;525,08
Kobieta;Średnie zawodowe;27;7;526,4
Kobieta;Średnie zawodowe;27;8;526,68
Kobieta;Średnie ogólne;27;8;580
Kobieta;Średnie zawodowe;33;13;585
Kobieta;Średnie zawodowe;36;1;594
Kobieta;Średnie zawodowe;35;16;627,4
Kobieta;Średnie zawodowe;31;1;652,5
Kobieta;Średnie zawodowe;38;7;689,32
Kobieta;Zasadnicze;46;28;754
Kobieta;Średnie ogólne;27;7;1040
Kobieta;Średnie zawodowe;36;3;513,62
Kobieta;Średnie zawodowe;27;3;481,08
Kobieta;Średnie ogólne;35;0;592
Kobieta;Średnie zawodowe;26;7;490,56
Kobieta;Średnie ogólne;27;4;474,24
Kobieta;Średnie zawodowe;32;13;566
Kobieta;Średnie zawodowe;43;3;630
Kobieta;Średnie zawodowe;29;6;574,4
Kobieta;Średnie zawodowe;33;;665
Kobieta;Średnie ogólne;30;3;614,4
Kobieta;Średnie zawodowe;27;8;522,24
Kobieta;Średnie zawodowe;26;7;526,4
Kobieta;Średnie ogólne;49;32;605
Kobieta;Średnie zawodowe;38;12;616,4
Kobieta;Średnie zawodowe;35;12;638,3
Kobieta;Średnie zawodowe;51;6;666,4
Kobieta;Średnie zawodowe;39;8;693
Kobieta;Średnie ogólne;47;16;700
Kobieta;Średnie zawodowe;42;4;702,1
Kobieta;Średnie zawodowe;47;28;707,6
Kobieta;Średnie ogólne;52;34;714,6
Kobieta;Średnie zawodowe;33;13;638,6
Kobieta;Średnie zawodowe;35;16;669,5
Kobieta;Średnie ogólne;38;18;634,8
Kobieta;Średnie zawodowe;34;9;638,6
Kobieta;Średnie zawodowe;51;10;681,8
Kobieta;Średnie zawodowe;23;3;420
Kobieta;Średnie zawodowe;26;4;420
Kobieta;Wyższe;40;1;460
Kobieta;Średnie zawodowe;25;6;513,7
Kobieta;Wyższe;34;6;543,98
Kobieta;Średnie zawodowe;27;6;603,52
Kobieta;Średnie ogólne;56;20;728,8
Kobieta;Średnie zawodowe;44;25;743
Kobieta;Średnie ogólne;36;3;498,94
Kobieta;Średnie ogólne;26;6;513
Kobieta;Średnie zawodowe;38;19;796,7
Kobieta;Średnie zawodowe;24;2;370
Kobieta;Średnie zawodowe;30;10;598,26
Kobieta;Średnie zawodowe;32;12;598,32
Kobieta;Średnie ogólne;29;10;604,16
Kobieta;Średnie zawodowe;55;39;701,4
Kobieta;Średnie zawodowe;45;4;590
Kobieta;Średnie zawodowe;41;11;604,8
Kobieta;Średnie ogólne;36;16;657
Kobieta;Średnie zawodowe;37;15;672
Kobieta;Średnie zawodowe;;21;699,05
Kobieta;Średnie zawodowe;;12;893
Kobieta;Średnie zawodowe;21;2;370
Kobieta;Średnie zawodowe;26;3;426,6
Kobieta;Średnie zawodowe;25;4;445
Kobieta;Średnie zawodowe;23;7;456
Kobieta;Średnie ogólne;23;4;490
Kobieta;Średnie zawodowe;28;7;510,72
Kobieta;Średnie zawodowe;27;9;517
Kobieta;Średnie ogólne;42;15;561,6
Kobieta;Średnie zawodowe;26;7;605,92
Kobieta;Średnie zawodowe;31;11;628,72
Kobieta;Średnie zawodowe;39;12;649,3
Kobieta;Średnie zawodowe;47;29;651
Kobieta;Średnie zawodowe;31;8;681,2
Kobieta;Średnie zawodowe;42;21;694,4
Kobieta;Średnie zawodowe;36;15;719,2
Kobieta;Średnie ogólne;48;10;644
Kobieta;Średnie ogólne;48;10;644
Kobieta;Średnie zawodowe;56;18;850
Kobieta;Średnie zawodowe;41;14;874,2
Kobieta;Średnie ogólne;42;22;553,6
Kobieta;Średnie zawodowe;45;22;735
Kobieta;Wyższe;43;6;912
Kobieta;Wyższe;50;20;980
Kobieta;Średnie zawodowe;46;3;595
Kobieta;Wyższe;42;19;896
Kobieta;Średnie zawodowe;30;9;600
Kobieta;Średnie zawodowe;48;29;1022
Kobieta;Średnie zawodowe;38;18;670,7
Kobieta;Średnie zawodowe;43;24;686,5
Kobieta;Średnie zawodowe;37;20;368
Kobieta;Średnie zawodowe;32;7;660
Kobieta;Średnie zawodowe;44;23;950
Kobieta;Średnie zawodowe;44;25;966,4
Kobieta;Średnie zawodowe;41;11;695
Kobieta;Średnie zawodowe;42;22;791
Kobieta;Średnie zawodowe;;28;792
Kobieta;Zasadnicze;20;1;350
Kobieta;Zasadnicze;22;1;350
Kobieta;Zasadnicze;26;0;350
Kobieta;Zasadnicze;23;3;510
Kobieta;Zasadnicze;35;20;350
Kobieta;Zasadnicze;44;28;350
Kobieta;Zasadnicze;50;30;350
Kobieta;Zasadnicze;21;2;355
Kobieta;Zasadnicze;31;16;355
Kobieta;Zasadnicze;35;20;355
Kobieta;Zasadnicze;40;23;355
Kobieta;Zasadnicze;43;28;355
Kobieta;Zasadnicze;46;31;355
Kobieta;Zasadnicze;48;32;355
Kobieta;Zasadnicze;48;27;355
Kobieta;Średnie zawodowe;25;10;355
Kobieta;Średnie ogólne;29;3;1225
Kobieta;Średnie zawodowe;49;29;650
Kobieta;Średnie zawodowe;36;16;500
Kobieta;Zasadnicze;45;14;851
Kobieta;Średnie zawodowe;49;28;1049,07
Kobieta;Średnie ogólne;47;28;850
Kobieta;Średnie ogólne;43;25;1008,73
Kobieta;Wyższe;38;15;705,63
Kobieta;Średnie zawodowe;47;4;790,5
Kobieta;Zasadnicze;40;6;535
Kobieta;Średnie zawodowe;28;8;479
Kobieta;Średnie ogólne;48;21;647
Kobieta;Średnie ogólne;47;27;704
Kobieta;Zasadnicze;47;30;370
Kobieta;Średnie zawodowe;20;0;370
Kobieta;Wyższe;35;11;597,8
Kobieta;Średnie ogólne;46;16;658
Kobieta;Średnie zawodowe;;3;558
Kobieta;Średnie zawodowe;29;8;518
Kobieta;Średnie zawodowe;44;5;563
Kobieta;Średnie zawodowe;45;14;714
Kobieta;Średnie zawodowe;41;19;748
Kobieta;Wyższe;40;2;764
Kobieta;Średnie zawodowe;50;30;810
Kobieta;Średnie zawodowe;41;4;824
Kobieta;Średnie zawodowe;37;2;780,3
Kobieta;Średnie ogólne;45;13;596
Kobieta;Średnie zawodowe;39;14;742
Kobieta;Średnie zawodowe;;10;810
Kobieta;Wyższe;26;8;505,04
Kobieta;Średnie zawodowe;37;3;715
Kobieta;Średnie zawodowe;47;;850
Kobieta;Wyższe;45;27;608
Kobieta;Średnie ogólne;47;4;985,35
Kobieta;Średnie zawodowe;39;19;556
Kobieta;Wyższe;27;3;572,07
Kobieta;Średnie zawodowe;39;19;794,19
Kobieta;Wyższe;46;26;922,9
Kobieta;Wyższe;44;20;1019,27
Kobieta;Wyższe;48;30;1015,2
Kobieta;Wyższe;45;12;1158
Kobieta;Średnie ogólne;43;14;762
Kobieta;Średnie ogólne;46;27;706
Kobieta;Średnie zawodowe;30;1;614,2
Kobieta;Średnie zawodowe;37;13;686,84
Kobieta;Średnie zawodowe;42;18;704,2
Kobieta;Średnie zawodowe;32;10;792
Kobieta;Średnie zawodowe;45;1;800
Kobieta;Średnie zawodowe;54;6;939
Kobieta;Wyższe;43;18;544
Kobieta;Średnie ogólne;45;10;637
Kobieta;Średnie ogólne;49;20;760
Kobieta;Średnie ogólne;41;18;629
Kobieta;Wyższe;40;14;733
Kobieta;Średnie zawodowe;51;1;728
Kobieta;Średnie zawodowe;49;11;814
Kobieta;Średnie zawodowe;35;13;693
Kobieta;Średnie zawodowe;34;14;866,4
Kobieta;Średnie zawodowe;29;8;592,8
Kobieta;Średnie zawodowe;34;14;704
Kobieta;Średnie zawodowe;55;;660
Kobieta;Wyższe;47;1;796,8
Kobieta;Średnie zawodowe;48;25;850
Kobieta;Średnie zawodowe;48;12;860
Kobieta;Średnie zawodowe;41;10;918
Kobieta;Średnie zawodowe;46;3;428
Kobieta;Wyższe;45;20;1010
Kobieta;Średnie zawodowe;38;16;1017,96
Kobieta;Średnie zawodowe;49;25;550
Kobieta;Średnie zawodowe;30;10;590
Kobieta;Średnie zawodowe;36;1;660
Kobieta;Średnie zawodowe;40;20;770
Kobieta;Średnie zawodowe;42;22;786
Kobieta;Średnie zawodowe;43;19;810
Kobieta;Średnie zawodowe;29;5;844
Kobieta;Średnie zawodowe;38;17;850
Kobieta;Średnie zawodowe;44;25;914
Kobieta;Średnie zawodowe;37;1;660
Kobieta;Średnie zawodowe;34;13;693
Kobieta;Średnie zawodowe;40;11;737
Kobieta;Średnie ogólne;52;18;881,5
Kobieta;Średnie ogólne;46;5;700
Kobieta;Wyższe;29;3;700
Kobieta;Średnie zawodowe;23;1;727,5
Kobieta;Średnie ogólne;36;16;946
Kobieta;Średnie ogólne;38;15;741
Kobieta;Wyższe;30;5;680
Kobieta;Średnie ogólne;20;1;625
Kobieta;Wyższe;33;4;804,5
Kobieta;Wyższe;36;6;793
Kobieta;Wyższe;38;3;709,4
Kobieta;Średnie zawodowe;36;16;818,4
Kobieta;Średnie zawodowe;40;20;849,6
Kobieta;Średnie ogólne;45;26;872,8
Kobieta;Średnie zawodowe;44;;872,8
Kobieta;Średnie zawodowe;39;5;1129
Kobieta;Średnie zawodowe;45;8;777
Kobieta;Średnie zawodowe;43;7;750,4
Kobieta;Średnie zawodowe;44;12;858,24
Kobieta;Średnie zawodowe;34;2;646
Kobieta;Średnie zawodowe;37;10;683
Kobieta;Zasadnicze;49;13;716
Kobieta;Średnie zawodowe;37;17;710
Kobieta;Średnie ogólne;39;1;683,76
Kobieta;Średnie zawodowe;35;3;692
Kobieta;Średnie ogólne;43;24;852
Kobieta;Średnie zawodowe;47;6;952
Kobieta;Średnie ogólne;44;22;840
Kobieta;Średnie zawodowe;47;5;980
Kobieta;Średnie ogólne;42;23;1443
Kobieta;Średnie zawodowe;39;1;640
Kobieta;Średnie ogólne;48;10;1092
Kobieta;Średnie ogólne;50;21;980
Kobieta;Średnie zawodowe;42;10;980
Kobieta;Średnie zawodowe;40;19;980
Kobieta;Wyższe;45;25;982
Kobieta;Wyższe;31;1;721,4
Kobieta;Wyższe;45;5;1040
Kobieta;Średnie zawodowe;57;16;784
Kobieta;Średnie zawodowe;28;3;554,9
Kobieta;Średnie zawodowe;53;8;896
Kobieta;Średnie ogólne;48;10;798
Kobieta;Średnie zawodowe;47;5;808
Kobieta;Wyższe;35;10;620
Kobieta;Średnie zawodowe;33;5;665
Kobieta;Średnie zawodowe;39;17;737
Kobieta;Średnie zawodowe;41;1;772,8
Kobieta;Średnie ogólne;43;2;798
Kobieta;Wyższe;57;12;860
Kobieta;Średnie zawodowe;36;15;844,8
Kobieta;Średnie ogólne;38;14;715
Kobieta;Zasadnicze;50;10;898,4
Kobieta;Średnie zawodowe;44;18;768
Kobieta;Średnie zawodowe;40;6;622
Kobieta;Wyższe;36;3;913,7
Kobieta;Wyższe;38;1;1000
Kobieta;Wyższe;42;17;785
Kobieta;Wyższe;31;3;450
Kobieta;Wyższe;31;3;450
Kobieta;Wyższe;37;11;588
Kobieta;Wyższe;28;1;607
Kobieta;Średnie zawodowe;44;14;812
Kobieta;Wyższe;30;5;848,72
Kobieta;Średnie zawodowe;34;4;890
Kobieta;Średnie zawodowe;42;23;900
Kobieta;Wyższe;44;2;983
Kobieta;Wyższe;41;6;1637
Kobieta;Wyższe;38;2;1253
Kobieta;Zasadnicze;53;30;237
Kobieta;Wyższe;24;0;495
Kobieta;Średnie zawodowe;26;4;676,44
Kobieta;Wyższe;40;20;592,4
Kobieta;Średnie zawodowe;31;0;778,94
Kobieta;Średnie zawodowe;54;15;858
Kobieta;Średnie zawodowe;40;25;920
Kobieta;Średnie zawodowe;44;15;983,5
Kobieta;Wyższe;43;22;1106,64
Kobieta;Średnie zawodowe;21;2;635
Kobieta;Wyższe;25;1;635
Kobieta;Średnie zawodowe;43;1;665
Kobieta;Średnie zawodowe;36;1;830
Kobieta;Średnie zawodowe;50;30;355
Kobieta;Średnie zawodowe;33;14;1112,44
Kobieta;Wyższe;36;10;1143,2
Kobieta;Średnie zawodowe;42;23;1324
Kobieta;Wyższe;46;3;918,42
Kobieta;Średnie zawodowe;47;16;958,8
Kobieta;Wyższe;40;2;1030,08
Kobieta;Podstawowe;42;3;536,8
Kobieta;Wyższe;34;3;937,4
Kobieta;Wyższe;26;1;719
Kobieta;Wyższe;41;6;944
Kobieta;Średnie ogólne;32;4;626
Kobieta;Zasadnicze;49;19;596
Kobieta;Średnie zawodowe;46;24;663
Kobieta;Wyższe;44;20;817,5
Kobieta;Wyższe;55;30;797
Kobieta;Wyższe;41;11;870,16
Kobieta;Wyższe;39;1;880,8
Kobieta;Średnie zawodowe;36;15;552,23
Kobieta;Średnie zawodowe;44;23;1075
Kobieta;Średnie zawodowe;38;7;1300
Kobieta;Średnie zawodowe;25;3;624
Kobieta;Średnie zawodowe;29;3;743,04
Kobieta;Średnie zawodowe;36;2;758,4
Kobieta;Wyższe;28;9;990,6
Kobieta;Średnie zawodowe;48;25;1382
Kobieta;Wyższe;43;6;1806,5
Kobieta;Wyższe;43;4;877,12
Kobieta;Średnie zawodowe;45;6;1726
Kobieta;Wyższe;55;5;1032,22
Kobieta;Średnie zawodowe;36;5;731
Kobieta;Średnie zawodowe;44;1;960
Kobieta;Średnie zawodowe;54;19;1024
Kobieta;Średnie zawodowe;27;1;728
Kobieta;Zasadnicze;46;31;741,12
Kobieta;Średnie zawodowe;31;12;756
Kobieta;Średnie zawodowe;31;10;780
Kobieta;Wyższe;29;2;800
Kobieta;Średnie zawodowe;38;18;920,1
Kobieta;Średnie zawodowe;38;1;976
Kobieta;Wyższe;40;4;1046
Kobieta;Średnie zawodowe;40;22;1144
Kobieta;Średnie zawodowe;39;18;748
Kobieta;Średnie zawodowe;36;5;750
Kobieta;Średnie ogólne;30;2;850
Kobieta;Średnie zawodowe;35;2;850
Kobieta;Średnie zawodowe;53;39;1141
Kobieta;Średnie zawodowe;42;1;1300
Kobieta;Wyższe;49;1;700
Kobieta;Średnie zawodowe;32;1;732
Kobieta;Średnie zawodowe;36;1;732
Kobieta;Wyższe;24;0;850
Kobieta;Średnie zawodowe;31;10;618,4
Kobieta;Średnie zawodowe;41;5;750
Kobieta;Średnie zawodowe;44;1;1075
Kobieta;Średnie zawodowe;40;22;638
Kobieta;Wyższe;34;0;1106
Kobieta;Wyższe;37;12;1046
Kobieta;Średnie zawodowe;39;1;680
Kobieta;Średnie zawodowe;47;27;1324
Kobieta;Średnie zawodowe;40;3;1127
Kobieta;Średnie zawodowe;47;28;964
Kobieta;Średnie zawodowe;50;6;1456
Kobieta;Wyższe;29;2;1027
Kobieta;Wyższe;42;4;1203,7
Kobieta;Średnie zawodowe;22;2;930
Kobieta;Średnie zawodowe;24;1;800
Kobieta;Wyższe;56;31;1016
Kobieta;Średnie zawodowe;53;3;965,25
Kobieta;Średnie zawodowe;26;1;671
Kobieta;Średnie zawodowe;39;5;761,25
Kobieta;Średnie zawodowe;34;12;1049,6
Kobieta;Średnie zawodowe;34;13;1062,4
Kobieta;Średnie zawodowe;37;17;1112
Kobieta;Średnie zawodowe;49;27;1132
Kobieta;Średnie zawodowe;44;4;690
Kobieta;Średnie zawodowe;37;13;604,74
Kobieta;Średnie zawodowe;51;30;1314
Kobieta;Wyższe;51;1;840
Kobieta;Średnie zawodowe;42;5;922
Kobieta;Średnie zawodowe;49;12;1029,6
Kobieta;Średnie zawodowe;57;6;1880
Kobieta;Średnie zawodowe;30;5;926,6
Kobieta;Średnie zawodowe;39;3;1026,4
Kobieta;Średnie zawodowe;44;18;1106,6
Kobieta;Średnie ogólne;38;2;1420
Kobieta;Wyższe;45;1;845
Kobieta;Średnie zawodowe;26;1;400
Kobieta;Średnie zawodowe;37;2;600
Kobieta;Wyższe;43;1;1002
Kobieta;Średnie ogólne;22;1;715
Kobieta;Średnie zawodowe;23;2;850
Kobieta;Średnie zawodowe;31;1;850
Kobieta;Średnie zawodowe;33;3;850
Kobieta;Wyższe;45;8;901
Kobieta;Wyższe;28;2;850
Kobieta;Średnie zawodowe;22;2;900
Kobieta;Średnie zawodowe;39;2;850
Kobieta;Średnie zawodowe;43;1;1105
Kobieta;Wyższe;43;5;1198
Kobieta;Wyższe;47;3;1356
Kobieta;Średnie zawodowe;52;2;1400
Kobieta;Średnie zawodowe;46;16;1904,5
Kobieta;Średnie zawodowe;42;3;900
Kobieta;Średnie zawodowe;48;10;1136
Kobieta;Wyższe;44;8;1852,4
Kobieta;Wyższe;25;2;727,4
Kobieta;Zasadnicze;42;8;1130
Kobieta;Średnie zawodowe;48;16;1116
Kobieta;Średnie ogólne;42;22;1116,8
Kobieta;Podstawowe;45;3;1250
Kobieta;Wyższe;53;15;1275
Kobieta;Zasadnicze;45;26;1116
Kobieta;Wyższe;43;10;1173
Kobieta;Wyższe;36;8;1210
Kobieta;Średnie zawodowe;38;16;1415,4
Kobieta;Wyższe;55;32;1475
Kobieta;Średnie zawodowe;39;20;1491,2
Kobieta;Średnie zawodowe;45;10;1400
Kobieta;Wyższe;50;10;1585
Kobieta;Średnie ogólne;60;41;1090
Kobieta;Wyższe;36;6;1204
Kobieta;Średnie zawodowe;39;13;918,6
Kobieta;Wyższe;52;6;1340
Kobieta;Wyższe;55;6;1525
Kobieta;Średnie ogólne;44;10;1727
Kobieta;Wyższe;32;4;1201
Kobieta;Średnie zawodowe;52;24;620,4
Kobieta;Zasadnicze;40;2;850
Kobieta;Wyższe;27;1;1000
Kobieta;Wyższe;27;0;1000
Kobieta;Wyższe;46;5;1286
Kobieta;Wyższe;22;3;1230
Kobieta;Wyższe;51;6;1628
Kobieta;Wyższe;38;1;2500
Kobieta;Średnie zawodowe;27;1;1890
Kobieta;Wyższe;40;1;1170
Kobieta;Średnie zawodowe;49;9;1610
Kobieta;Średnie ogólne;49;24;2226
Kobieta;Średnie zawodowe;51;5;1122
Kobieta;Wyższe;42;1;1270
Kobieta;Średnie zawodowe;37;1;679
Kobieta;Wyższe;25;1;570
Kobieta;Średnie zawodowe;43;1;743
Kobieta;Średnie zawodowe;47;2;1094
Kobieta;Średnie zawodowe;44;1;872
Kobieta;Wyższe;42;3;1000
Kobieta;Średnie zawodowe;46;2;1280
Kobieta;Wyższe;55;11;1478
Kobieta;Wyższe;40;5;1750
Kobieta;Średnie zawodowe;46;2;2116
Kobieta;Średnie zawodowe;31;11;935
Kobieta;Średnie zawodowe;49;5;2355
Kobieta;Średnie ogólne;25;1;707,6
Kobieta;Średnie ogólne;40;4;1050
Kobieta;Wyższe;50;8;564
Kobieta;Średnie zawodowe;27;1;2071
Kobieta;Średnie zawodowe;31;5;850
Kobieta;Wyższe;33;1;2700
Kobieta;Wyższe;43;5;900
Kobieta;Wyższe;39;3;1160
Kobieta;Wyższe;48;17;1458
Kobieta;Wyższe;40;1;1300
Kobieta;Wyższe;53;34;1410
Kobieta;Średnie zawodowe;34;6;1510,46
Kobieta;Średnie zawodowe;50;6;1868
Kobieta;Wyższe;30;1;3000
Kobieta;Wyższe;26;1;800
Kobieta;Średnie zawodowe;42;18;680
Kobieta;Średnie zawodowe;42;5;1600
Kobieta;Wyższe;46;1;1443
Mężczyzna;Zasadnicze;33;;520
Mężczyzna;Wyższe;23;0;480
Mężczyzna;Podstawowe;32;;510
Mężczyzna;Zasadnicze;40;;520
Mężczyzna;Podstawowe;42;;600
Mężczyzna;Podstawowe;54;;650
Mężczyzna;Średnie ogólne;38;;1050
Mężczyzna;Wyższe;59;;1350
Mężczyzna;Średnie zawodowe;23;1;640
Mężczyzna;Zasadnicze;44;1;550
Mężczyzna;Średnie zawodowe;62;2;800
Mężczyzna;Zasadnicze;36;1;1170
Mężczyzna;Zasadnicze;23;2;550
Mężczyzna;Wyższe;38;6;1390
Mężczyzna;Wyższe;60;14;350
Mężczyzna;Zasadnicze;49;28;350
Mężczyzna;Zasadnicze;48;30;360
Mężczyzna;Podstawowe;46;23;400
Mężczyzna;Zasadnicze;30;10;420
Mężczyzna;Zasadnicze;23;2;350
Mężczyzna;Średnie zawodowe;49;22;393,7
Mężczyzna;Średnie zawodowe;25;4;386
Mężczyzna;Zasadnicze;42;27;420
Mężczyzna;Średnie zawodowe;31;9;430
Mężczyzna;Zasadnicze;46;30;350
Mężczyzna;Zasadnicze;41;10;570,64
Mężczyzna;Zasadnicze;38;20;350
Mężczyzna;Zasadnicze;35;13;400
Mężczyzna;Zasadnicze;27;9;400
Mężczyzna;Zasadnicze;33;8;400
Mężczyzna;Zasadnicze;51;27;500
Mężczyzna;Zasadnicze;33;15;400
Mężczyzna;Średnie zawodowe;33;12;528
Mężczyzna;Średnie zawodowe;50;18;436
Mężczyzna;Średnie zawodowe;49;27;491,4
Mężczyzna;Zasadnicze;29;;390
Mężczyzna;Średnie zawodowe;45;25;540
Mężczyzna;Średnie zawodowe;32;12;463,29
Mężczyzna;Podstawowe;50;1;360
Mężczyzna;Średnie zawodowe;40;5;687,5
Mężczyzna;Podstawowe;42;3;660
Mężczyzna;Średnie ogólne;38;9;432,67
Mężczyzna;Zasadnicze;33;13;344
Mężczyzna;Zasadnicze;52;30;470
Mężczyzna;Wyższe;41;5;895
Mężczyzna;Średnie zawodowe;39;10;473
Mężczyzna;Średnie zawodowe;46;28;573
Mężczyzna;Wyższe;52;25;853,5
Mężczyzna;Średnie zawodowe;46;20;950
Mężczyzna;Średnie ogólne;47;25;485
Mężczyzna;Podstawowe;38;10;417,2
Mężczyzna;Zasadnicze;27;10;586,6
Mężczyzna;Podstawowe;55;39;554,48
Mężczyzna;Średnie ogólne;43;23;886
Mężczyzna;Zasadnicze;34;3;444,2
Mężczyzna;Zasadnicze;52;12;566,85
Mężczyzna;Podstawowe;30;;239
Mężczyzna;Zasadnicze;26;0;500
Mężczyzna;Średnie zawodowe;52;1;500
Mężczyzna;Zasadnicze;35;8;582,98
Mężczyzna;Wyższe;36;10;1260
Mężczyzna;Wyższe;35;10;1318,12
Mężczyzna;Średnie zawodowe;51;26;624,77
Mężczyzna;Wyższe;29;0;448
Mężczyzna;Wyższe;28;0;400
Mężczyzna;Średnie zawodowe;53;31;884,12
Mężczyzna;Podstawowe;52;4;617,75
Mężczyzna;Średnie zawodowe;39;20;672
Mężczyzna;Średnie zawodowe;56;11;750,26
Mężczyzna;Średnie zawodowe;48;2;850,4
Mężczyzna;Podstawowe;52;5;654,78
Mężczyzna;Podstawowe;51;3;605,6
Mężczyzna;Podstawowe;54;3;536,35
Mężczyzna;Średnie zawodowe;46;1;450
Mężczyzna;Zasadnicze;25;1;500
Mężczyzna;Zasadnicze;30;6;510
Mężczyzna;Zasadnicze;47;1;550
Mężczyzna;Średnie ogólne;40;3;850
Mężczyzna;Średnie zawodowe;54;1;733,6
Mężczyzna;Zasadnicze;50;32;532,4
Mężczyzna;Zasadnicze;37;2;550
Mężczyzna;Średnie zawodowe;32;10;475,73
Mężczyzna;Średnie zawodowe;37;17;559,42
Mężczyzna;Średnie zawodowe;38;12;613,38
Mężczyzna;Podstawowe;53;4;669,38
Mężczyzna;Średnie zawodowe;51;26;750
Mężczyzna;Podstawowe;54;4;783,09
Mężczyzna;Średnie zawodowe;58;10;733,6
Mężczyzna;Zasadnicze;36;17;516,99
Mężczyzna;Średnie zawodowe;30;9;580
Mężczyzna;Zasadnicze;37;20;580,12
Mężczyzna;Podstawowe;44;23;618,34
Mężczyzna;Średnie ogólne;41;21;1237,54
Mężczyzna;Podstawowe;48;23;649,27
Mężczyzna;Podstawowe;43;22;649,64
Mężczyzna;Zasadnicze;47;28;656,44
Mężczyzna;Zasadnicze;47;27;670,21
Mężczyzna;Podstawowe;50;28;697,3
Mężczyzna;Podstawowe;51;30;726,58
Mężczyzna;Podstawowe;50;32;740,1
Mężczyzna;Podstawowe;53;32;740,75
Mężczyzna;Podstawowe;54;30;747,6
Mężczyzna;Wyższe;37;;1350
Mężczyzna;Podstawowe;54;35;756,42
Mężczyzna;Podstawowe;52;36;762,81
Mężczyzna;Podstawowe;54;35;763,77
Mężczyzna;Wyższe;37;12;550
Mężczyzna;Podstawowe;42;23;636,07
Mężczyzna;Zasadnicze;24;7;877
Mężczyzna;Zasadnicze;27;9;504
Mężczyzna;Podstawowe;30;10;519
Mężczyzna;Podstawowe;55;18;590
Mężczyzna;Zasadnicze;30;12;591
Mężczyzna;Zasadnicze;53;;1398
Mężczyzna;Zasadnicze;36;1;587
Mężczyzna;Średnie zawodowe;28;2;482,4
Mężczyzna;Średnie zawodowe;43;2;715,2
Mężczyzna;Wyższe;24;3;436,6
Mężczyzna;Średnie zawodowe;26;5;491,7
Mężczyzna;Średnie zawodowe;43;22;680,4
Mężczyzna;Średnie zawodowe;32;13;700,1
Mężczyzna;Wyższe;49;6;1373
Mężczyzna;Zasadnicze;24;2;456
Mężczyzna;Średnie ogólne;23;1;456
Mężczyzna;Zasadnicze;25;2;475,2
Mężczyzna;Zasadnicze;23;1;492,5
Mężczyzna;Zasadnicze;34;13;595,6
Mężczyzna;Podstawowe;38;18;603,8
Mężczyzna;Zasadnicze;40;16;654,7
Mężczyzna;Podstawowe;46;25;672
Mężczyzna;Podstawowe;56;30;695,7
Mężczyzna;Zasadnicze;49;26;1295,7
Mężczyzna;Zasadnicze;47;20;1295,9
Mężczyzna;Średnie zawodowe;40;18;742,6
Mężczyzna;Zasadnicze;25;0;400
Mężczyzna;Zasadnicze;26;3;490
Mężczyzna;Zasadnicze;60;33;355
Mężczyzna;Zasadnicze;;28;400
Mężczyzna;Zasadnicze;24;6;260
Mężczyzna;Wyższe;28;1;276
Mężczyzna;Średnie zawodowe;35;4;643
Mężczyzna;Średnie zawodowe;22;1;390
Mężczyzna;Średnie zawodowe;23;1;490,04
Mężczyzna;Średnie zawodowe;37;3;624
Mężczyzna;Średnie zawodowe;39;9;806
Mężczyzna;Podstawowe;36;12;810
Mężczyzna;Wyższe;28;5;1623,55
Mężczyzna;Średnie zawodowe;47;24;721,4
Mężczyzna;Średnie zawodowe;46;16;852
Mężczyzna;Wyższe;48;26;1038,3
Mężczyzna;Wyższe;41;5;1075,86
Mężczyzna;Średnie zawodowe;39;10;725
Mężczyzna;Wyższe;48;26;908,7
Mężczyzna;Średnie ogólne;55;7;869
Mężczyzna;Zasadnicze;38;6;480
Mężczyzna;Zasadnicze;31;12;480
Mężczyzna;Średnie zawodowe;26;8;929
Mężczyzna;Podstawowe;57;33;560
Mężczyzna;Zasadnicze;39;2;806,4
Mężczyzna;Średnie zawodowe;36;14;870
Mężczyzna;Średnie zawodowe;33;15;877
Mężczyzna;Średnie zawodowe;24;2;669
Mężczyzna;Średnie zawodowe;38;3;762
Mężczyzna;Średnie zawodowe;35;6;860
Mężczyzna;Podstawowe;59;17;930
Mężczyzna;Podstawowe;45;13;650,6
Mężczyzna;Średnie ogólne;28;9;1150
Mężczyzna;Zasadnicze;56;22;1190
Mężczyzna;Zasadnicze;26;5;821,2
Mężczyzna;Zasadnicze;42;5;1023,6
Mężczyzna;Średnie zawodowe;55;11;860
Mężczyzna;Średnie zawodowe;41;1;765
Mężczyzna;Średnie zawodowe;41;1;772
Mężczyzna;Średnie zawodowe;42;11;782
Mężczyzna;Średnie zawodowe;28;4;607,5
Mężczyzna;Zasadnicze;27;5;1330
Mężczyzna;Podstawowe;53;20;528
Mężczyzna;Średnie zawodowe;59;20;824
Mężczyzna;Średnie zawodowe;26;3;540
Mężczyzna;Średnie zawodowe;45;1;750
Mężczyzna;Średnie zawodowe;42;1;757,6
Mężczyzna;Zasadnicze;44;20;1362
Mężczyzna;Podstawowe;47;20;956,78
Mężczyzna;Średnie zawodowe;69;2;700
Mężczyzna;Zasadnicze;43;17;1230
Mężczyzna;Zasadnicze;29;3;1210
Mężczyzna;Wyższe;28;2;1384
Mężczyzna;Średnie zawodowe;51;1;720
Mężczyzna;Wyższe;60;38;1055,5
Mężczyzna;Wyższe;62;16;1093
Mężczyzna;Wyższe;60;16;1103
Mężczyzna;Wyższe;36;9;1640
Mężczyzna;Zasadnicze;33;3;810,6
Mężczyzna;Wyższe;34;1;1696
Mężczyzna;Średnie zawodowe;31;1;672,6
Mężczyzna;Wyższe;58;10;871
Mężczyzna;Średnie zawodowe;63;23;1306
Mężczyzna;Wyższe;51;29;1387,8
Mężczyzna;Wyższe;43;13;924
Mężczyzna;Wyższe;45;1;505
Mężczyzna;Średnie zawodowe;38;6;1141
Mężczyzna;Wyższe;40;3;1017
Mężczyzna;Wyższe;56;9;1086
Mężczyzna;Wyższe;43;18;890
Mężczyzna;Wyższe;;15;1056
Mężczyzna;Średnie zawodowe;38;13;710
Mężczyzna;Średnie zawodowe;27;6;647
Mężczyzna;Podstawowe;29;7;481
Mężczyzna;Zasadnicze;24;5;579
Mężczyzna;Zasadnicze;32;8;581
Mężczyzna;Średnie zawodowe;36;11;687
Mężczyzna;Podstawowe;56;16;774
Mężczyzna;Zasadnicze;36;12;815
Mężczyzna;Zasadnicze;46;22;925
Mężczyzna;Zasadnicze;28;12;519
Mężczyzna;Zasadnicze;27;9;526
Mężczyzna;Średnie zawodowe;26;5;540
Mężczyzna;Średnie zawodowe;38;21;615
Mężczyzna;Zasadnicze;43;13;623
Mężczyzna;Średnie zawodowe;42;11;672
Mężczyzna;Zasadnicze;49;10;681
Mężczyzna;Zasadnicze;42;9;683
Mężczyzna;Zasadnicze;45;8;691
Mężczyzna;Podstawowe;55;36;695
Mężczyzna;Zasadnicze;49;14;761
Mężczyzna;Zasadnicze;31;13;595
Mężczyzna;Zasadnicze;38;15;698
Mężczyzna;Podstawowe;47;22;712
Mężczyzna;Zasadnicze;28;9;533
Mężczyzna;Zasadnicze;38;15;594
Mężczyzna;Zasadnicze;43;9;638
Mężczyzna;Średnie zawodowe;38;11;670
Mężczyzna;Średnie zawodowe;50;17;679
Mężczyzna;Podstawowe;54;22;792
Mężczyzna;Podstawowe;57;19;794
Mężczyzna;Podstawowe;56;20;569
Mężczyzna;Zasadnicze;32;8;573
Mężczyzna;Średnie zawodowe;36;20;640
Mężczyzna;Zasadnicze;49;31;742
Mężczyzna;Zasadnicze;31;16;749
Mężczyzna;Zasadnicze;53;23;814
Mężczyzna;Zasadnicze;45;7;844
Mężczyzna;Zasadnicze;58;12;957
Mężczyzna;Zasadnicze;43;24;571
Mężczyzna;Podstawowe;49;16;717
Mężczyzna;Zasadnicze;44;24;718
Mężczyzna;Zasadnicze;34;18;831
Mężczyzna;Zasadnicze;47;15;789
Mężczyzna;Średnie zawodowe;27;5;497
Mężczyzna;Zasadnicze;27;9;511
Mężczyzna;Zasadnicze;31;16;610
Mężczyzna;Zasadnicze;43;26;615
Mężczyzna;Zasadnicze;48;30;733
Mężczyzna;Zasadnicze;55;6;741
Mężczyzna;Zasadnicze;44;12;844
Mężczyzna;Zasadnicze;52;9;1056
Mężczyzna;Średnie zawodowe;49;;987
Mężczyzna;Zasadnicze;26;10;680
Mężczyzna;Wyższe;24;4;485
Mężczyzna;Średnie zawodowe;37;10;819,21
Mężczyzna;Wyższe;29;2;1424
Mężczyzna;Średnie zawodowe;33;10;1460,34
Mężczyzna;Zasadnicze;28;9;550
Mężczyzna;Podstawowe;39;;600
Mężczyzna;Średnie zawodowe;27;1;650
Mężczyzna;Zasadnicze;30;14;806
Mężczyzna;Średnie zawodowe;42;2;850
Mężczyzna;Zasadnicze;34;15;1032,3
Mężczyzna;Średnie zawodowe;22;1;575,6
Mężczyzna;Zasadnicze;25;1;450
Mężczyzna;Średnie zawodowe;24;1;450
Mężczyzna;Średnie zawodowe;25;1;500
Mężczyzna;Średnie zawodowe;30;1;785
Mężczyzna;Zasadnicze;22;1;500
Mężczyzna;Zasadnicze;28;1;650
Mężczyzna;Zasadnicze;25;;400
Mężczyzna;Zasadnicze;24;1;550
Mężczyzna;Średnie zawodowe;39;18;680
Mężczyzna;Średnie zawodowe;25;1;700
Mężczyzna;Wyższe;52;30;850
Mężczyzna;Średnie zawodowe;39;18;1055,92
Mężczyzna;Średnie zawodowe;40;8;1067,76
Mężczyzna;Zasadnicze;31;1;550
Mężczyzna;Zasadnicze;40;8;550
Mężczyzna;Wyższe;29;3;1235
Mężczyzna;Zasadnicze;45;25;650
Mężczyzna;Średnie zawodowe;49;30;976,28
Mężczyzna;Zasadnicze;25;1;950
Mężczyzna;Średnie zawodowe;42;12;1080
Mężczyzna;Zasadnicze;24;1;700
Mężczyzna;Średnie zawodowe;45;1;828
Mężczyzna;Wyższe;49;6;950
Mężczyzna;Średnie zawodowe;36;7;1008
Mężczyzna;Średnie zawodowe;41;4;1160
Mężczyzna;Zasadnicze;27;1;500
Mężczyzna;Zasadnicze;22;1;550
Mężczyzna;Zasadnicze;29;13;730
Mężczyzna;Zasadnicze;58;38;950
Mężczyzna;Zasadnicze;35;8;982,2
Mężczyzna;Wyższe;48;10;1020
Mężczyzna;Średnie zawodowe;45;25;1073,4
Mężczyzna;Średnie zawodowe;45;31;1458,48
Mężczyzna;Wyższe;30;5;1061
Mężczyzna;Zasadnicze;27;1;823
Mężczyzna;Zasadnicze;30;2;600
Mężczyzna;Zasadnicze;30;9;610
Mężczyzna;Średnie zawodowe;38;23;1050
Mężczyzna;Zasadnicze;48;;1280
Mężczyzna;Średnie zawodowe;47;;1520
Mężczyzna;Wyższe;46;9;2300
Mężczyzna;Średnie zawodowe;44;6;2050
Mężczyzna;Średnie zawodowe;49;10;850
Mężczyzna;Średnie zawodowe;60;14;916,5
Mężczyzna;Wyższe;36;1;1003
Mężczyzna;Średnie zawodowe;57;30;2000
Mężczyzna;Średnie zawodowe;26;1;770
Mężczyzna;Średnie zawodowe;49;3;1033,5
Mężczyzna;Wyższe;54;14;1246,5
Mężczyzna;Średnie zawodowe;61;10;560
Mężczyzna;Wyższe;24;1;844
Mężczyzna;Średnie zawodowe;22;0;748
Mężczyzna;Średnie zawodowe;23;1;748
Mężczyzna;Średnie zawodowe;30;9;914
Mężczyzna;Średnie zawodowe;22;1;950
Mężczyzna;Średnie zawodowe;26;1;990
Mężczyzna;Średnie zawodowe;25;4;1010
Mężczyzna;Średnie zawodowe;31;7;1010
Mężczyzna;Średnie zawodowe;35;14;1145
Mężczyzna;Zasadnicze;35;1;1150
Mężczyzna;Zasadnicze;39;17;700
Mężczyzna;Wyższe;27;3;880
Mężczyzna;Średnie zawodowe;30;8;1110
Mężczyzna;Średnie zawodowe;32;3;1110
Mężczyzna;Średnie zawodowe;39;10;720
Mężczyzna;Zasadnicze;50;28;345
Mężczyzna;Zasadnicze;46;1;440
Mężczyzna;Średnie zawodowe;34;1;550
Mężczyzna;Zasadnicze;23;1;560
Mężczyzna;Zasadnicze;46;24;565
Mężczyzna;Zasadnicze;45;19;570
Mężczyzna;Zasadnicze;43;1;620
Mężczyzna;Zasadnicze;40;3;650
Mężczyzna;Zasadnicze;28;2;800
Mężczyzna;Zasadnicze;59;5;810
Mężczyzna;Średnie zawodowe;50;2;820
Mężczyzna;Podstawowe;29;5;860
Mężczyzna;Zasadnicze;24;2;890
Mężczyzna;Średnie zawodowe;42;1;940
Mężczyzna;Średnie zawodowe;36;16;1040
Mężczyzna;Średnie zawodowe;56;16;1299
Mężczyzna;Zasadnicze;52;5;1304
Mężczyzna;Wyższe;45;7;1314
Mężczyzna;Średnie zawodowe;45;1;742
Mężczyzna;Wyższe;41;2;850
Mężczyzna;Wyższe;27;1;826
Mężczyzna;Wyższe;32;8;1200
Mężczyzna;Średnie zawodowe;45;27;1580
Mężczyzna;Wyższe;43;4;2190
Mężczyzna;Średnie zawodowe;26;1;1000
Mężczyzna;Wyższe;33;1;1516,8
Mężczyzna;Wyższe;49;2;1050
Mężczyzna;Średnie zawodowe;44;4;1160
Mężczyzna;Średnie ogólne;38;16;960
Mężczyzna;Średnie zawodowe;58;38;1260
Mężczyzna;Podstawowe;30;10;630
Mężczyzna;Wyższe;39;1;900
Mężczyzna;Zasadnicze;35;10;2400
Mężczyzna;Średnie ogólne;52;8;823,5
Mężczyzna;Podstawowe;41;20;630
Mężczyzna;Średnie zawodowe;39;24;1137,02
Mężczyzna;Średnie ogólne;53;30;824
Mężczyzna;Wyższe;43;10;1177,28
Mężczyzna;Wyższe;52;2;1364
Mężczyzna;Wyższe;57;15;1478
Mężczyzna;Wyższe;26;1;1000
Mężczyzna;Wyższe;29;5;1100
Mężczyzna;Wyższe;42;6;1100
Mężczyzna;Wyższe;23;1;1120
Mężczyzna;Wyższe;42;18;1150
Mężczyzna;Wyższe;39;1;1180
Mężczyzna;Wyższe;37;2;1200
Mężczyzna;Wyższe;39;6;1200
Mężczyzna;Wyższe;39;4;1200
Mężczyzna;Wyższe;42;10;1200
Mężczyzna;Wyższe;33;9;1229
Mężczyzna;Wyższe;33;4;1229
Mężczyzna;Wyższe;38;17;1300
Mężczyzna;Wyższe;28;2;1420,58
Mężczyzna;Wyższe;37;11;1500
Mężczyzna;Wyższe;43;6;1500
Mężczyzna;Wyższe;46;9;1500
Mężczyzna;Wyższe;54;3;1025
Mężczyzna;Wyższe;23;0;1043
Mężczyzna;Wyższe;28;1;1200
Mężczyzna;Wyższe;34;4;1100
Mężczyzna;Wyższe;26;1;1200
Mężczyzna;Wyższe;39;10;1250
Mężczyzna;Wyższe;34;11;1300
Mężczyzna;Wyższe;35;5;1300
Mężczyzna;Wyższe;53;3;1620
Mężczyzna;Wyższe;43;3;1621,7
Mężczyzna;Wyższe;48;11;1628,1
Mężczyzna;Wyższe;32;2;1200
Mężczyzna;Wyższe;51;27;1406
Mężczyzna;Wyższe;43;10;1500
Mężczyzna;Wyższe;37;6;1300
Mężczyzna;Wyższe;41;1;1350
Mężczyzna;Wyższe;61;3;2551
Mężczyzna;Wyższe;47;9;1400
Mężczyzna;Wyższe;37;12;1500
Mężczyzna;Wyższe;37;3;1450
Mężczyzna;Wyższe;35;1;1350
Mężczyzna;Wyższe;37;2;1600
Mężczyzna;Średnie zawodowe;42;2;1400
Mężczyzna;Średnie zawodowe;46;21;1500
Mężczyzna;Średnie zawodowe;42;15;350
Mężczyzna;Zasadnicze;31;2;850
Mężczyzna;Wyższe;53;13;1003
Mężczyzna;Wyższe;44;9;1622,36
Mężczyzna;Średnie zawodowe;27;0;350
Mężczyzna;Średnie zawodowe;43;3;350
Mężczyzna;Średnie zawodowe;31;2;910
Mężczyzna;Zasadnicze;32;2;850
Mężczyzna;Wyższe;48;19;1170
Mężczyzna;Średnie zawodowe;54;20;2040
Mężczyzna;Wyższe;45;2;951
Mężczyzna;Średnie zawodowe;29;4;850
Mężczyzna;Wyższe;27;2;950
Mężczyzna;Wyższe;34;3;1200
Mężczyzna;Średnie zawodowe;50;5;1300
Mężczyzna;Wyższe;50;1;1520
Mężczyzna;Średnie zawodowe;41;1;996
Mężczyzna;Średnie zawodowe;38;2;1260
Mężczyzna;Średnie zawodowe;31;3;1566
Mężczyzna;Średnie ogólne;56;2;1591
Mężczyzna;Średnie zawodowe;45;15;1364
Mężczyzna;Wyższe;26;1;1500
Mężczyzna;Wyższe;60;9;1700
Mężczyzna;Wyższe;36;2;1800
Mężczyzna;Wyższe;45;5;350
Mężczyzna;Wyższe;43;7;2767,4
Mężczyzna;Wyższe;43;8;1700
Mężczyzna;Wyższe;48;16;1035
Mężczyzna;Wyższe;40;5;880
Mężczyzna;Wyższe;49;4;900
Mężczyzna;Średnie zawodowe;44;6;1685,8
Mężczyzna;Wyższe;45;3;1800
Mężczyzna;Średnie ogólne;46;2;1854
Mężczyzna;Średnie zawodowe;28;3;210
Mężczyzna;Wyższe;44;2;936
Mężczyzna;Wyższe;32;1;1040
Mężczyzna;Wyższe;49;4;2000
Mężczyzna;Wyższe;26;1;945
Mężczyzna;Wyższe;44;1;2100
Mężczyzna;Średnie zawodowe;45;3;750
Mężczyzna;Zasadnicze;28;5;500
Mężczyzna;Średnie zawodowe;24;1;1200
Mężczyzna;Zasadnicze;33;1;1068
Mężczyzna;Zasadnicze;26;0;500
Mężczyzna;Zasadnicze;28;1;700
Mężczyzna;Średnie zawodowe;22;0;500
Mężczyzna;Zasadnicze;26;0;600
Mężczyzna;Średnie zawodowe;26;0;600
Mężczyzna;Średnie zawodowe;21;2;800
Mężczyzna;Wyższe;26;1;1000
Mężczyzna;Zasadnicze;23;1;850
Mężczyzna;Wyższe;24;1;1200
Mężczyzna;Średnie zawodowe;19;0;857
Mężczyzna;Średnie zawodowe;37;2;1000
Mężczyzna;Średnie zawodowe;38;1;1200
Mężczyzna;Wyższe;33;2;1280
Mężczyzna;Zasadnicze;24;1;1300
Mężczyzna;Średnie zawodowe;33;2;1500
Mężczyzna;Średnie zawodowe;22;1;1200
Mężczyzna;Średnie zawodowe;26;0;750
Mężczyzna;Wyższe;41;7;1050
Mężczyzna;Wyższe;47;;1310
Mężczyzna;Wyższe;29;2;900
Mężczyzna;Wyższe;26;1;1000
Mężczyzna;Średnie zawodowe;44;8;2300
Mężczyzna;Wyższe;43;2;2450
Mężczyzna;Średnie zawodowe;26;2;1050
Mężczyzna;Wyższe;47;1;1200
Mężczyzna;Wyższe;31;1;1500
Mężczyzna;Średnie zawodowe;33;4;1025,4
Mężczyzna;Średnie zawodowe;44;9;2228,64
Mężczyzna;Wyższe;49;2;2600
Mężczyzna;Średnie zawodowe;23;1;1500
Mężczyzna;Średnie zawodowe;30;0;1850
Mężczyzna;Średnie zawodowe;26;2;1500
